จังหวัด,ปี,เดือน,ละติจูด,ลองจิจูด,คลอโรฟิลล์-เอ,อุณหภูมิผิวทะเล,ความเค็มผิวทะเล,salinity_source
เพชรบุรี,2562,มกราคม,13.0,100.18,3.06,28.32,25.825,GLORYS12V1
เพชรบุรี,2562,กุมภาพันธ์,13.0,100.18,2.44,28.72,27.587,GLORYS12V1
เพชรบุรี,2562,มีนาคม,13.0,100.18,2.62,29.75,26.406,GLORYS12V1
เพชรบุรี,2562,เมษายน,13.0,100.18,2.4,31.65,25.031,GLORYS12V1
เพชรบุรี,2562,พฤษภาคม,13.0,100.18,3.56,30.4,24.7,GLORYS12V1
เพชรบุรี,2562,มิถุนายน,13.0,100.18,2.33,31.14,26.037,GLORYS12V1
เพชรบุรี,2562,กรกฎาคม,13.0,100.18,2.4,30.3,27.892,GLORYS12V1
เพชรบุรี,2562,สิงหาคม,13.0,100.18,2.01,29.88,29.086,GLORYS12V1
เพชรบุรี,2562,กันยายน,13.0,100.18,4.53,29.88,24.516,GLORYS12V1
เพชรบุรี,2562,ตุลาคม,13.0,100.18,4.3,29.94,20.725,GLORYS12V1
เพชรบุรี,2562,พฤศจิกายน,13.0,100.18,2.82,29.19,21.665,GLORYS12V1
เพชรบุรี,2562,ธันวาคม,13.0,100.18,1.42,26.63,25.143,GLORYS12V1
เพชรบุรี,2563,มกราคม,13.0,100.18,1.87,28.1,27.682,GLORYS12V1
เพชรบุรี,2563,กุมภาพันธ์,13.0,100.18,1.93,28.35,27.169,GLORYS12V1
เพชรบุรี,2563,มีนาคม,13.0,100.18,1.63,29.37,28.011,GLORYS12V1
เพชรบุรี,2563,เมษายน,13.0,100.18,1.67,30.8,26.6,GLORYS12V1
เพชรบุรี,2563,พฤษภาคม,13.0,100.18,1.85,30.86,25.463,GLORYS12V1
เพชรบุรี,2563,มิถุนายน,13.0,100.18,2.68,30.48,25.625,GLORYS12V1
เพชรบุรี,2563,กรกฎาคม,13.0,100.18,2.25,30.8,25.675,GLORYS12V1
เพชรบุรี,2563,สิงหาคม,13.0,100.18,2.04,29.71,26.518,GLORYS12V1
เพชรบุรี,2563,กันยายน,13.0,100.18,2.0,31.33,23.736,GLORYS12V1
เพชรบุรี,2563,ตุลาคม,13.0,100.18,2.27,29.75,22.723,GLORYS12V1
เพชรบุรี,2563,พฤศจิกายน,13.0,100.18,2.2,27.84,24.931,GLORYS12V1
เพชรบุรี,2563,ธันวาคม,13.0,100.18,2.01,27.6,27.494,GLORYS12V1
เพชรบุรี,2564,มกราคม,13.0,100.18,1.52,26.19,29.112,GLORYS12V1
เพชรบุรี,2564,กุมภาพันธ์,13.0,100.18,1.46,26.53,28.265,GLORYS12V1
เพชรบุรี,2564,มีนาคม,13.0,100.18,1.91,29.25,29.003,GLORYS12V1
เพชรบุรี,2564,เมษายน,13.0,100.18,2.22,30.16,25.379,GLORYS12V1
เพชรบุรี,2564,พฤษภาคม,13.0,100.18,2.87,31.49,26.537,GLORYS12V1
เพชรบุรี,2564,มิถุนายน,13.0,100.18,2.53,30.8,28.391,GLORYS12V1
เพชรบุรี,2564,กรกฎาคม,13.0,100.18,2.06,29.89,28.22,GLORYS12V1
เพชรบุรี,2564,สิงหาคม,13.0,100.18,3.0,29.49,26.891,GLORYS12V1
เพชรบุรี,2564,กันยายน,13.0,100.18,2.39,29.55,24.818,GLORYS12V1
เพชรบุรี,2564,ตุลาคม,13.0,100.18,2.68,28.79,22.076,GLORYS12V1
เพชรบุรี,2564,พฤศจิกายน,13.0,100.18,2.58,29.75,22.642,GLORYS12V1
เพชรบุรี,2564,ธันวาคม,13.0,100.18,2.09,26.94,27.175,GLORYS12V1
เพชรบุรี,2565,มกราคม,13.0,100.18,1.46,27.73,28.205,GLORYS12V1
เพชรบุรี,2565,กุมภาพันธ์,13.0,100.18,1.36,29.53,27.58,GLORYS12V1
เพชรบุรี,2565,มีนาคม,13.0,100.18,2.69,28.96,26.525,GLORYS12V1
เพชรบุรี,2565,เมษายน,13.0,100.18,2.13,30.14,25.504,GLORYS12V1
เพชรบุรี,2565,พฤษภาคม,13.0,100.18,1.84,30.2,26.083,GLORYS12V1
เพชรบุรี,2565,มิถุนายน,13.0,100.18,8.21,30.72,26.496,GLORYS12V1
เพชรบุรี,2565,กรกฎาคม,13.0,100.18,1.42,30.08,27.996,GLORYS12V1
เพชรบุรี,2565,สิงหาคม,13.0,100.18,2.3,30.4,26.942,GLORYS12V1
เพชรบุรี,2565,กันยายน,13.0,100.18,4.46,30.31,23.94,GLORYS12V1
เพชรบุรี,2565,ตุลาคม,13.0,100.18,1.8,29.72,20.978,GLORYS12V1
เพชรบุรี,2565,พฤศจิกายน,13.0,100.18,2.0,29.65,21.18,GLORYS12V1
เพชรบุรี,2565,ธันวาคม,13.0,100.18,1.91,28.38,25.619,GLORYS12V1
เพชรบุรี,2566,มกราคม,13.0,100.18,1.12,26.39,27.67,GLORYS12V1
เพชรบุรี,2566,กุมภาพันธ์,13.0,100.18,1.31,25.6,27.754,GLORYS12V1
เพชรบุรี,2566,มีนาคม,13.0,100.18,1.3,28.19,27.909,GLORYS12V1
เพชรบุรี,2566,เมษายน,13.0,100.18,1.74,30.67,26.44,GLORYS12V1
เพชรบุรี,2566,พฤษภาคม,13.0,100.18,1.94,31.04,25.788,GLORYS12V1
เพชรบุรี,2566,มิถุนายน,13.0,100.18,1.91,30.23,26.609,GLORYS12V1
เพชรบุรี,2566,กรกฎาคม,13.0,100.18,2.07,30.36,27.757,GLORYS12V1
เพชรบุรี,2566,สิงหาคม,13.0,100.18,2.37,30.49,28.335,GLORYS12V1
เพชรบุรี,2566,กันยายน,13.0,100.18,2.17,29.77,25.446,GLORYS12V1
เพชรบุรี,2566,ตุลาคม,13.0,100.18,2.06,30.06,20.125,GLORYS12V1
เพชรบุรี,2566,พฤศจิกายน,13.0,100.18,4.43,30.4,22.52,GLORYS12V1
เพชรบุรี,2566,ธันวาคม,13.0,100.18,1.8,29.33,25.781,GLORYS12V1
เพชรบุรี,2567,มกราคม,13.0,100.18,1.91,27.61,27.357,GLORYS12V1
เพชรบุรี,2567,กุมภาพันธ์,13.0,100.18,2.33,28.33,28.523,GLORYS12V1
เพชรบุรี,2567,มีนาคม,13.0,100.18,2.03,29.08,27.964,GLORYS12V1
เพชรบุรี,2567,เมษายน,13.0,100.18,1.53,30.33,26.26,GLORYS12V1
เพชรบุรี,2567,พฤษภาคม,13.0,100.18,2.38,31.38,24.668,GLORYS12V1
เพชรบุรี,2567,มิถุนายน,13.0,100.18,2.94,31.81,26.795,GLORYS12V1
เพชรบุรี,2567,กรกฎาคม,13.0,100.18,3.04,29.53,26.959,GLORYS12V1
เพชรบุรี,2567,สิงหาคม,13.0,100.18,5.43,28.86,24.227,GLORYS12V1
เพชรบุรี,2567,กันยายน,13.0,100.18,4.01,30.3,26.058,GLORYS12V1
เพชรบุรี,2567,ตุลาคม,13.0,100.18,3.69,29.69,19.626,GLORYS12V1
เพชรบุรี,2567,พฤศจิกายน,13.0,100.18,3.33,30.2,23.243,GLORYS12V1
เพชรบุรี,2567,ธันวาคม,13.0,100.18,3.4,29.42,26.717,GLORYS12V1
เพชรบุรี,2568,มกราคม,13.0,100.18,1.74,26.89,28.483,GLORYS12V1
เพชรบุรี,2568,กุมภาพันธ์,13.0,100.18,1.48,26.68,28.297,GLORYS12V1
เพชรบุรี,2568,มีนาคม,13.0,100.18,1.93,28.39,27.773,GLORYS12V1
เพชรบุรี,2568,เมษายน,13.0,100.18,2.33,29.82,26.455,GLORYS12V1
เพชรบุรี,2568,พฤษภาคม,13.0,100.18,2.5,31.37,24.775,GLORYS12V1
เพชรบุรี,2568,มิถุนายน,13.0,100.18,2.22,30.71,26.691,GLORYS12V1
เพชรบุรี,2568,กรกฎาคม,13.0,100.18,2.43,29.0,28.123,GLORYS12V1
เพชรบุรี,2568,สิงหาคม,13.0,100.18,3.74,29.55,26.849,GLORYS12V1
เพชรบุรี,2568,กันยายน,13.0,100.18,4.74,28.69,24.992,GLORYS12V1
เพชรบุรี,2568,ตุลาคม,13.0,100.18,5.62,30.42,20.975,GLORYS12V1
เพชรบุรี,2568,พฤศจิกายน,13.0,100.18,3.46,29.56,23.203,GLORYS12V1
เพชรบุรี,2568,ธันวาคม,13.0,100.18,2.89,26.33,26.928,GLORYS12V1
เพชรบุรี,2569,มกราคม,13.0,100.18,2.74,27.78,28.651,GLORYS12V1
เพชรบุรี,2569,กุมภาพันธ์,13.0,100.18,3.44,27.66,28.138,GLORYS12V1
เพชรบุรี,2569,มีนาคม,13.0,100.18,2.55,30.11,27.889,GLORYS12V1
เพชรบุรี,2569,เมษายน,13.0,100.18,3.85,30.09,27.102,GLORYS12V1
เพชรบุรี,2569,พฤษภาคม,13.0,100.18,2.36,31.11,25.944,GLORYS12V1
เพชรบุรี,2569,มิถุนายน,13.0,100.18,1.78,30.63,26.379,Copernicus Analysis Forecast
เพชรบุรี,2569,กรกฎาคม,13.0,100.18,2.53,30.19,26.67,Copernicus Analysis Forecast
เพชรบุรี,2569,สิงหาคม,13.0,100.18,4.04,30.25,26.312,Copernicus Analysis Forecast
สมุทรสงคราม,2562,มกราคม,13.3,100.1,12.26,28.47,23.678,GLORYS12V1
สมุทรสงคราม,2562,กุมภาพันธ์,13.3,100.1,3.85,28.92,23.748,GLORYS12V1
สมุทรสงคราม,2562,มีนาคม,13.3,100.1,3.9,30.06,23.099,GLORYS12V1
สมุทรสงคราม,2562,เมษายน,13.3,100.1,6.8,32.03,21.755,GLORYS12V1
สมุทรสงคราม,2562,พฤษภาคม,13.3,100.1,6.3,30.24,22.088,GLORYS12V1
สมุทรสงคราม,2562,มิถุนายน,13.3,100.1,7.43,30.92,22.327,GLORYS12V1
สมุทรสงคราม,2562,กรกฎาคม,13.3,100.1,9.18,30.5,24.764,GLORYS12V1
สมุทรสงคราม,2562,สิงหาคม,13.3,100.1,10.04,27.77,25.054,GLORYS12V1
สมุทรสงคราม,2562,กันยายน,13.3,100.1,2.9,28.81,22.582,GLORYS12V1
สมุทรสงคราม,2562,ตุลาคม,13.3,100.1,7.03,30.76,17.248,GLORYS12V1
สมุทรสงคราม,2562,พฤศจิกายน,13.3,100.1,7.0,29.12,18.323,GLORYS12V1
สมุทรสงคราม,2562,ธันวาคม,13.3,100.1,3.33,26.36,20.37,GLORYS12V1
สมุทรสงคราม,2563,มกราคม,13.3,100.1,5.51,28.55,25.297,GLORYS12V1
สมุทรสงคราม,2563,กุมภาพันธ์,13.3,100.1,3.88,28.5,24.36,GLORYS12V1
สมุทรสงคราม,2563,มีนาคม,13.3,100.1,2.87,29.54,23.713,GLORYS12V1
สมุทรสงคราม,2563,เมษายน,13.3,100.1,2.85,30.56,23.049,GLORYS12V1
สมุทรสงคราม,2563,พฤษภาคม,13.3,100.1,5.25,31.32,22.301,GLORYS12V1
สมุทรสงคราม,2563,มิถุนายน,13.3,100.1,5.0,30.39,22.123,GLORYS12V1
สมุทรสงคราม,2563,กรกฎาคม,13.3,100.1,5.0,30.42,22.958,GLORYS12V1
สมุทรสงคราม,2563,สิงหาคม,13.3,100.1,11.0,29.57,22.43,GLORYS12V1
สมุทรสงคราม,2563,กันยายน,13.3,100.1,7.47,31.26,20.414,GLORYS12V1
สมุทรสงคราม,2563,ตุลาคม,13.3,100.1,5.19,29.77,20.775,GLORYS12V1
สมุทรสงคราม,2563,พฤศจิกายน,13.3,100.1,3.56,27.96,21.796,GLORYS12V1
สมุทรสงคราม,2563,ธันวาคม,13.3,100.1,3.35,27.35,24.368,GLORYS12V1
สมุทรสงคราม,2564,มกราคม,13.3,100.1,3.6,25.38,26.009,GLORYS12V1
สมุทรสงคราม,2564,กุมภาพันธ์,13.3,100.1,3.06,28.09,26.153,GLORYS12V1
สมุทรสงคราม,2564,มีนาคม,13.3,100.1,3.55,29.59,25.208,GLORYS12V1
สมุทรสงคราม,2564,เมษายน,13.3,100.1,4.75,30.47,23.333,GLORYS12V1
สมุทรสงคราม,2564,พฤษภาคม,13.3,100.1,6.84,31.72,23.261,GLORYS12V1
สมุทรสงคราม,2564,มิถุนายน,13.3,100.1,5.23,31.06,24.332,GLORYS12V1
สมุทรสงคราม,2564,กรกฎาคม,13.3,100.1,4.1,29.89,24.747,GLORYS12V1
สมุทรสงคราม,2564,สิงหาคม,13.3,100.1,6.69,29.67,23.426,GLORYS12V1
สมุทรสงคราม,2564,กันยายน,13.3,100.1,4.36,29.79,21.752,GLORYS12V1
สมุทรสงคราม,2564,ตุลาคม,13.3,100.1,2.65,28.69,18.839,GLORYS12V1
สมุทรสงคราม,2564,พฤศจิกายน,13.3,100.1,2.29,29.8,19.329,GLORYS12V1
สมุทรสงคราม,2564,ธันวาคม,13.3,100.1,4.66,26.87,23.351,GLORYS12V1
สมุทรสงคราม,2565,มกราคม,13.3,100.1,3.72,27.98,25.716,GLORYS12V1
สมุทรสงคราม,2565,กุมภาพันธ์,13.3,100.1,4.0,29.85,24.979,GLORYS12V1
สมุทรสงคราม,2565,มีนาคม,13.3,100.1,5.46,29.02,23.281,GLORYS12V1
สมุทรสงคราม,2565,เมษายน,13.3,100.1,4.2,30.79,22.13,GLORYS12V1
สมุทรสงคราม,2565,พฤษภาคม,13.3,100.1,4.87,30.39,22.161,GLORYS12V1
สมุทรสงคราม,2565,มิถุนายน,13.3,100.1,6.71,30.67,23.777,GLORYS12V1
สมุทรสงคราม,2565,กรกฎาคม,13.3,100.1,4.23,30.02,24.468,GLORYS12V1
สมุทรสงคราม,2565,สิงหาคม,13.3,100.1,10.45,29.9,23.511,GLORYS12V1
สมุทรสงคราม,2565,กันยายน,13.3,100.1,5.02,29.81,21.697,GLORYS12V1
สมุทรสงคราม,2565,ตุลาคม,13.3,100.1,3.03,29.7,17.692,GLORYS12V1
สมุทรสงคราม,2565,พฤศจิกายน,13.3,100.1,2.15,29.65,18.992,GLORYS12V1
สมุทรสงคราม,2565,ธันวาคม,13.3,100.1,3.9,27.61,22.359,GLORYS12V1
สมุทรสงคราม,2566,มกราคม,13.3,100.1,4.19,26.84,24.941,GLORYS12V1
สมุทรสงคราม,2566,กุมภาพันธ์,13.3,100.1,3.54,25.24,24.944,GLORYS12V1
สมุทรสงคราม,2566,มีนาคม,13.3,100.1,3.04,28.55,24.656,GLORYS12V1
สมุทรสงคราม,2566,เมษายน,13.3,100.1,3.34,31.24,23.94,GLORYS12V1
สมุทรสงคราม,2566,พฤษภาคม,13.3,100.1,4.28,31.0,23.04,GLORYS12V1
สมุทรสงคราม,2566,มิถุนายน,13.3,100.1,3.35,30.1,23.17,GLORYS12V1
สมุทรสงคราม,2566,กรกฎาคม,13.3,100.1,4.8,30.3,24.694,GLORYS12V1
สมุทรสงคราม,2566,สิงหาคม,13.3,100.1,7.75,30.9,25.066,GLORYS12V1
สมุทรสงคราม,2566,กันยายน,13.3,100.1,4.65,29.82,22.79,GLORYS12V1
สมุทรสงคราม,2566,ตุลาคม,13.3,100.1,12.15,30.15,18.712,GLORYS12V1
สมุทรสงคราม,2566,พฤศจิกายน,13.3,100.1,3.24,29.92,19.567,GLORYS12V1
สมุทรสงคราม,2566,ธันวาคม,13.3,100.1,2.65,28.8,23.028,GLORYS12V1
สมุทรสงคราม,2567,มกราคม,13.3,100.1,4.38,27.57,25.443,GLORYS12V1
สมุทรสงคราม,2567,กุมภาพันธ์,13.3,100.1,5.3,28.18,25.195,GLORYS12V1
สมุทรสงคราม,2567,มีนาคม,13.3,100.1,2.91,29.23,24.332,GLORYS12V1
สมุทรสงคราม,2567,เมษายน,13.3,100.1,3.82,30.63,23.112,GLORYS12V1
สมุทรสงคราม,2567,พฤษภาคม,13.3,100.1,3.61,31.5,22.172,GLORYS12V1
สมุทรสงคราม,2567,มิถุนายน,13.3,100.1,5.4,31.72,23.048,GLORYS12V1
สมุทรสงคราม,2567,กรกฎาคม,13.3,100.1,8.04,29.52,23.327,GLORYS12V1
สมุทรสงคราม,2567,สิงหาคม,13.3,100.1,9.53,28.77,21.818,GLORYS12V1
สมุทรสงคราม,2567,กันยายน,13.3,100.1,7.84,30.2,23.421,GLORYS12V1
สมุทรสงคราม,2567,ตุลาคม,13.3,100.1,3.73,29.8,17.159,GLORYS12V1
สมุทรสงคราม,2567,พฤศจิกายน,13.3,100.1,5.64,30.84,20.136,GLORYS12V1
สมุทรสงคราม,2567,ธันวาคม,13.3,100.1,4.5,29.17,22.24,GLORYS12V1
สมุทรสงคราม,2568,มกราคม,13.3,100.1,3.82,26.56,25.164,GLORYS12V1
สมุทรสงคราม,2568,กุมภาพันธ์,13.3,100.1,4.7,26.7,25.939,GLORYS12V1
สมุทรสงคราม,2568,มีนาคม,13.3,100.1,5.1,28.91,24.741,GLORYS12V1
สมุทรสงคราม,2568,เมษายน,13.3,100.1,6.36,29.76,23.177,GLORYS12V1
สมุทรสงคราม,2568,พฤษภาคม,13.3,100.1,8.93,31.62,22.221,GLORYS12V1
สมุทรสงคราม,2568,มิถุนายน,13.3,100.1,5.04,30.5,23.22,GLORYS12V1
สมุทรสงคราม,2568,กรกฎาคม,13.3,100.1,7.89,28.96,24.773,GLORYS12V1
สมุทรสงคราม,2568,สิงหาคม,13.3,100.1,5.96,29.26,23.977,GLORYS12V1
สมุทรสงคราม,2568,กันยายน,13.3,100.1,8.19,28.63,21.799,GLORYS12V1
สมุทรสงคราม,2568,ตุลาคม,13.3,100.1,9.65,30.43,18.609,GLORYS12V1
สมุทรสงคราม,2568,พฤศจิกายน,13.3,100.1,4.59,29.6,19.083,GLORYS12V1
สมุทรสงคราม,2568,ธันวาคม,13.3,100.1,4.87,26.07,23.904,GLORYS12V1
สมุทรสงคราม,2569,มกราคม,13.3,100.1,6.45,27.88,25.982,GLORYS12V1
สมุทรสงคราม,2569,กุมภาพันธ์,13.3,100.1,5.14,28.06,25.944,GLORYS12V1
สมุทรสงคราม,2569,มีนาคม,13.3,100.1,4.65,30.3,24.732,GLORYS12V1
สมุทรสงคราม,2569,เมษายน,13.3,100.1,4.17,30.31,23.928,GLORYS12V1
สมุทรสงคราม,2569,พฤษภาคม,13.3,100.1,3.74,31.32,23.048,GLORYS12V1
สมุทรสงคราม,2569,มิถุนายน,13.3,100.1,7.04,30.64,21.874,Copernicus Analysis Forecast
สมุทรสงคราม,2569,กรกฎาคม,13.3,100.1,4.84,30.07,21.464,Copernicus Analysis Forecast
สมุทรสงคราม,2569,สิงหาคม,13.3,100.1,6.04,30.27,20.417,Copernicus Analysis Forecast
สมุทรสาคร,2562,มกราคม,13.4,100.3,12.09,28.3,24.854,GLORYS12V1
สมุทรสาคร,2562,กุมภาพันธ์,13.4,100.3,3.92,29.1,24.613,GLORYS12V1
สมุทรสาคร,2562,มีนาคม,13.4,100.3,5.53,30.01,23.83,GLORYS12V1
สมุทรสาคร,2562,เมษายน,13.4,100.3,14.58,32.28,22.463,GLORYS12V1
สมุทรสาคร,2562,พฤษภาคม,13.4,100.3,11.33,30.44,22.184,GLORYS12V1
สมุทรสาคร,2562,มิถุนายน,13.4,100.3,11.27,30.97,22.95,GLORYS12V1
สมุทรสาคร,2562,กรกฎาคม,13.4,100.3,12.04,29.79,23.713,GLORYS12V1
สมุทรสาคร,2562,สิงหาคม,13.4,100.3,14.04,27.77,23.702,GLORYS12V1
สมุทรสาคร,2562,กันยายน,13.4,100.3,15.04,28.85,21.74,GLORYS12V1
สมุทรสาคร,2562,ตุลาคม,13.4,100.3,8.17,30.59,18.657,GLORYS12V1
สมุทรสาคร,2562,พฤศจิกายน,13.4,100.3,7.8,28.98,20.515,GLORYS12V1
สมุทรสาคร,2562,ธันวาคม,13.4,100.3,4.15,26.59,24.061,GLORYS12V1
สมุทรสาคร,2563,มกราคม,13.4,100.3,4.8,28.37,25.941,GLORYS12V1
สมุทรสาคร,2563,กุมภาพันธ์,13.4,100.3,5.06,28.29,25.098,GLORYS12V1
สมุทรสาคร,2563,มีนาคม,13.4,100.3,3.47,29.78,24.641,GLORYS12V1
สมุทรสาคร,2563,เมษายน,13.4,100.3,3.96,23.52,23.803,GLORYS12V1
สมุทรสาคร,2563,พฤษภาคม,13.4,100.3,7.9,31.6,23.135,GLORYS12V1
สมุทรสาคร,2563,มิถุนายน,13.4,100.3,8.26,30.37,22.668,GLORYS12V1
สมุทรสาคร,2563,กรกฎาคม,13.4,100.3,13.04,30.89,22.564,GLORYS12V1
สมุทรสาคร,2563,สิงหาคม,13.4,100.3,14.04,30.8,21.934,GLORYS12V1
สมุทรสาคร,2563,กันยายน,13.4,100.3,17.04,30.42,19.903,GLORYS12V1
สมุทรสาคร,2563,ตุลาคม,13.4,100.3,12.39,29.83,21.982,GLORYS12V1
สมุทรสาคร,2563,พฤศจิกายน,13.4,100.3,6.24,27.52,24.509,GLORYS12V1
สมุทรสาคร,2563,ธันวาคม,13.4,100.3,4.29,27.48,26.888,GLORYS12V1
สมุทรสาคร,2564,มกราคม,13.4,100.3,3.62,25.3,28.19,GLORYS12V1
สมุทรสาคร,2564,กุมภาพันธ์,13.4,100.3,4.81,28.24,26.963,GLORYS12V1
สมุทรสาคร,2564,มีนาคม,13.4,100.3,3.47,29.78,25.976,GLORYS12V1
สมุทรสาคร,2564,เมษายน,13.4,100.3,8.74,31.46,23.971,GLORYS12V1
สมุทรสาคร,2564,พฤษภาคม,13.4,100.3,5.8,31.83,23.687,GLORYS12V1
สมุทรสาคร,2564,มิถุนายน,13.4,100.3,11.55,31.15,24.027,GLORYS12V1
สมุทรสาคร,2564,กรกฎาคม,13.4,100.3,17.15,29.94,24.12,GLORYS12V1
สมุทรสาคร,2564,สิงหาคม,13.4,100.3,13.42,29.82,22.446,GLORYS12V1
สมุทรสาคร,2564,กันยายน,13.4,100.3,7.43,29.77,20.998,GLORYS12V1
สมุทรสาคร,2564,ตุลาคม,13.4,100.3,4.64,28.72,18.979,GLORYS12V1
สมุทรสาคร,2564,พฤศจิกายน,13.4,100.3,3.17,29.91,22.427,GLORYS12V1
สมุทรสาคร,2564,ธันวาคม,13.4,100.3,6.01,26.9,26.876,GLORYS12V1
สมุทรสาคร,2565,มกราคม,13.4,100.3,5.28,27.9,26.736,GLORYS12V1
สมุทรสาคร,2565,กุมภาพันธ์,13.4,100.3,4.71,29.14,25.536,GLORYS12V1
สมุทรสาคร,2565,มีนาคม,13.4,100.3,6.53,30.2,24.039,GLORYS12V1
สมุทรสาคร,2565,เมษายน,13.4,100.3,5.85,30.8,23.189,GLORYS12V1
สมุทรสาคร,2565,พฤษภาคม,13.4,100.3,5.69,30.4,22.872,GLORYS12V1
สมุทรสาคร,2565,มิถุนายน,13.4,100.3,10.6,30.69,23.313,GLORYS12V1
สมุทรสาคร,2565,กรกฎาคม,13.4,100.3,5.54,30.03,23.572,GLORYS12V1
สมุทรสาคร,2565,สิงหาคม,13.4,100.3,11.62,29.74,22.501,GLORYS12V1
สมุทรสาคร,2565,กันยายน,13.4,100.3,17.07,29.9,20.975,GLORYS12V1
สมุทรสาคร,2565,ตุลาคม,13.4,100.3,7.02,29.56,19.279,GLORYS12V1
สมุทรสาคร,2565,พฤศจิกายน,13.4,100.3,2.37,29.69,21.206,GLORYS12V1
สมุทรสาคร,2565,ธันวาคม,13.4,100.3,4.97,27.61,25.242,GLORYS12V1
สมุทรสาคร,2566,มกราคม,13.4,100.3,4.84,26.73,27.229,GLORYS12V1
สมุทรสาคร,2566,กุมภาพันธ์,13.4,100.3,6.04,25.18,25.97,GLORYS12V1
สมุทรสาคร,2566,มีนาคม,13.4,100.3,4.0,28.64,25.791,GLORYS12V1
สมุทรสาคร,2566,เมษายน,13.4,100.3,5.1,30.65,24.825,GLORYS12V1
สมุทรสาคร,2566,พฤษภาคม,13.4,100.3,6.06,30.97,23.643,GLORYS12V1
สมุทรสาคร,2566,มิถุนายน,13.4,100.3,4.86,30.12,23.524,GLORYS12V1
สมุทรสาคร,2566,กรกฎาคม,13.4,100.3,13.02,30.36,24.168,GLORYS12V1
สมุทรสาคร,2566,สิงหาคม,13.4,100.3,16.01,31.28,23.621,GLORYS12V1
สมุทรสาคร,2566,กันยายน,13.4,100.3,18.04,29.93,21.572,GLORYS12V1
สมุทรสาคร,2566,ตุลาคม,13.4,100.3,11.04,29.76,19.243,GLORYS12V1
สมุทรสาคร,2566,พฤศจิกายน,13.4,100.3,5.48,30.52,22.333,GLORYS12V1
สมุทรสาคร,2566,ธันวาคม,13.4,100.3,5.48,28.53,25.838,GLORYS12V1
สมุทรสาคร,2567,มกราคม,13.4,100.3,4.69,27.48,26.966,GLORYS12V1
สมุทรสาคร,2567,กุมภาพันธ์,13.4,100.3,7.95,28.47,26.171,GLORYS12V1
สมุทรสาคร,2567,มีนาคม,13.4,100.3,2.85,29.21,25.204,GLORYS12V1
สมุทรสาคร,2567,เมษายน,13.4,100.3,4.27,30.85,23.89,GLORYS12V1
สมุทรสาคร,2567,พฤษภาคม,13.4,100.3,3.93,31.52,23.006,GLORYS12V1
สมุทรสาคร,2567,มิถุนายน,13.4,100.3,11.05,31.77,22.642,GLORYS12V1
สมุทรสาคร,2567,กรกฎาคม,13.4,100.3,15.04,29.55,22.52,GLORYS12V1
สมุทรสาคร,2567,สิงหาคม,13.4,100.3,21.81,28.81,21.198,GLORYS12V1
สมุทรสาคร,2567,กันยายน,13.4,100.3,22.04,30.27,22.573,GLORYS12V1
สมุทรสาคร,2567,ตุลาคม,13.4,100.3,11.56,29.85,18.18,GLORYS12V1
สมุทรสาคร,2567,พฤศจิกายน,13.4,100.3,7.78,30.75,22.472,GLORYS12V1
สมุทรสาคร,2567,ธันวาคม,13.4,100.3,10.8,29.05,26.067,GLORYS12V1
สมุทรสาคร,2568,มกราคม,13.4,100.3,5.66,26.63,27.865,GLORYS12V1
สมุทรสาคร,2568,กุมภาพันธ์,13.4,100.3,5.87,26.8,26.978,GLORYS12V1
สมุทรสาคร,2568,มีนาคม,13.4,100.3,6.02,28.74,25.558,GLORYS12V1
สมุทรสาคร,2568,เมษายน,13.4,100.3,16.09,29.64,24.168,GLORYS12V1
สมุทรสาคร,2568,พฤษภาคม,13.4,100.3,14.19,31.52,23.081,GLORYS12V1
สมุทรสาคร,2568,มิถุนายน,13.4,100.3,8.44,30.48,22.79,GLORYS12V1
สมุทรสาคร,2568,กรกฎาคม,13.4,100.3,10.04,29.03,23.814,GLORYS12V1
สมุทรสาคร,2568,สิงหาคม,13.4,100.3,11.49,29.62,23.154,GLORYS12V1
สมุทรสาคร,2568,กันยายน,13.4,100.3,14.27,28.68,20.815,GLORYS12V1
สมุทรสาคร,2568,ตุลาคม,13.4,100.3,5.49,30.41,19.738,GLORYS12V1
สมุทรสาคร,2568,พฤศจิกายน,13.4,100.3,7.09,29.61,22.237,GLORYS12V1
สมุทรสาคร,2568,ธันวาคม,13.4,100.3,5.26,26.44,26.922,GLORYS12V1
สมุทรสาคร,2569,มกราคม,13.4,100.3,6.52,27.59,27.5,GLORYS12V1
สมุทรสาคร,2569,กุมภาพันธ์,13.4,100.3,5.62,28.05,26.742,GLORYS12V1
สมุทรสาคร,2569,มีนาคม,13.4,100.3,4.59,30.28,25.507,GLORYS12V1
สมุทรสาคร,2569,เมษายน,13.4,100.3,4.47,30.36,24.734,GLORYS12V1
สมุทรสาคร,2569,พฤษภาคม,13.4,100.3,5.04,31.36,23.713,GLORYS12V1
สมุทรสาคร,2569,มิถุนายน,13.4,100.3,6.59,30.62,22.673,Copernicus Analysis Forecast
สมุทรสาคร,2569,กรกฎาคม,13.4,100.3,11.57,30.05,22.39,Copernicus Analysis Forecast
สมุทรสาคร,2569,สิงหาคม,13.4,100.3,13.04,30.3,21.453,Copernicus Analysis Forecast
ชลบุรี,2562,มกราคม,13.2,100.82,2.37,28.44,27.093,GLORYS12V1
ชลบุรี,2562,กุมภาพันธ์,13.2,100.82,3.67,28.56,25.843,GLORYS12V1
ชลบุรี,2562,มีนาคม,13.2,100.82,11.11,29.74,24.714,GLORYS12V1
ชลบุรี,2562,เมษายน,13.2,100.82,6.45,31.07,23.46,GLORYS12V1
ชลบุรี,2562,พฤษภาคม,13.2,100.82,4.45,30.45,22.677,GLORYS12V1
ชลบุรี,2562,มิถุนายน,13.2,100.82,7.72,31.25,24.548,GLORYS12V1
ชลบุรี,2562,กรกฎาคม,13.2,100.82,20.53,29.99,23.957,GLORYS12V1
ชลบุรี,2562,สิงหาคม,13.2,100.82,6.04,27.99,24.392,GLORYS12V1
ชลบุรี,2562,กันยายน,13.2,100.82,7.42,29.4,21.497,GLORYS12V1
ชลบุรี,2562,ตุลาคม,13.2,100.82,1.48,29.98,22.924,GLORYS12V1
ชลบุรี,2562,พฤศจิกายน,13.2,100.82,1.33,29.24,26.203,GLORYS12V1
ชลบุรี,2562,ธันวาคม,13.2,100.82,1.29,27.26,28.797,GLORYS12V1
ชลบุรี,2563,มกราคม,13.2,100.82,3.58,28.31,27.367,GLORYS12V1
ชลบุรี,2563,กุมภาพันธ์,13.2,100.82,3.33,28.62,27.148,GLORYS12V1
ชลบุรี,2563,มีนาคม,13.2,100.82,4.03,29.29,25.864,GLORYS12V1
ชลบุรี,2563,เมษายน,13.2,100.82,2.7,30.54,24.189,GLORYS12V1
ชลบุรี,2563,พฤษภาคม,13.2,100.82,4.15,30.89,24.291,GLORYS12V1
ชลบุรี,2563,มิถุนายน,13.2,100.82,8.58,30.43,24.186,GLORYS12V1
ชลบุรี,2563,กรกฎาคม,13.2,100.82,6.82,30.62,23.618,GLORYS12V1
ชลบุรี,2563,สิงหาคม,13.2,100.82,3.84,29.57,22.787,GLORYS12V1
ชลบุรี,2563,กันยายน,13.2,100.82,6.38,30.73,20.504,GLORYS12V1
ชลบุรี,2563,ตุลาคม,13.2,100.82,3.42,29.85,24.075,GLORYS12V1
ชลบุรี,2563,พฤศจิกายน,13.2,100.82,1.28,27.65,29.119,GLORYS12V1
ชลบุรี,2563,ธันวาคม,13.2,100.82,1.32,28.15,29.618,GLORYS12V1
ชลบุรี,2564,มกราคม,13.2,100.82,1.32,26.18,30.32,GLORYS12V1
ชลบุรี,2564,กุมภาพันธ์,13.2,100.82,1.3,27.68,28.822,GLORYS12V1
ชลบุรี,2564,มีนาคม,13.2,100.82,2.36,29.59,27.148,GLORYS12V1
ชลบุรี,2564,เมษายน,13.2,100.82,6.91,30.53,25.138,GLORYS12V1
ชลบุรี,2564,พฤษภาคม,13.2,100.82,2.6,31.25,24.978,GLORYS12V1
ชลบุรี,2564,มิถุนายน,13.2,100.82,15.64,30.86,25.271,GLORYS12V1
ชลบุรี,2564,กรกฎาคม,13.2,100.82,10.56,30.0,24.801,GLORYS12V1
ชลบุรี,2564,สิงหาคม,13.2,100.82,3.55,29.48,23.676,GLORYS12V1
ชลบุรี,2564,กันยายน,13.2,100.82,4.03,29.47,20.116,GLORYS12V1
ชลบุรี,2564,ตุลาคม,13.2,100.82,4.72,28.88,21.491,GLORYS12V1
ชลบุรี,2564,พฤศจิกายน,13.2,100.82,2.23,29.55,28.146,GLORYS12V1
ชลบุรี,2564,ธันวาคม,13.2,100.82,1.37,27.39,29.435,GLORYS12V1
ชลบุรี,2565,มกราคม,13.2,100.82,1.37,27.77,28.726,GLORYS12V1
ชลบุรี,2565,กุมภาพันธ์,13.2,100.82,2.6,29.31,27.064,GLORYS12V1
ชลบุรี,2565,มีนาคม,13.2,100.82,5.85,29.33,25.739,GLORYS12V1
ชลบุรี,2565,เมษายน,13.2,100.82,3.06,30.7,26.246,GLORYS12V1
ชลบุรี,2565,พฤษภาคม,13.2,100.82,2.7,30.08,25.556,GLORYS12V1
ชลบุรี,2565,มิถุนายน,13.2,100.82,5.14,30.77,24.306,GLORYS12V1
ชลบุรี,2565,กรกฎาคม,13.2,100.82,4.36,30.11,24.268,GLORYS12V1
ชลบุรี,2565,สิงหาคม,13.2,100.82,16.03,29.44,23.145,GLORYS12V1
ชลบุรี,2565,กันยายน,13.2,100.82,7.3,29.83,19.976,GLORYS12V1
ชลบุรี,2565,ตุลาคม,13.2,100.82,4.48,29.83,24.566,GLORYS12V1
ชลบุรี,2565,พฤศจิกายน,13.2,100.82,1.74,29.8,26.634,GLORYS12V1
ชลบุรี,2565,ธันวาคม,13.2,100.82,1.8,28.65,28.552,GLORYS12V1
ชลบุรี,2566,มกราคม,13.2,100.82,1.6,26.84,28.956,GLORYS12V1
ชลบุรี,2566,กุมภาพันธ์,13.2,100.82,2.04,26.24,28.016,GLORYS12V1
ชลบุรี,2566,มีนาคม,13.2,100.82,2.75,28.32,27.786,GLORYS12V1
ชลบุรี,2566,เมษายน,13.2,100.82,2.86,30.26,26.379,GLORYS12V1
ชลบุรี,2566,พฤษภาคม,13.2,100.82,5.37,31.03,24.918,GLORYS12V1
ชลบุรี,2566,มิถุนายน,13.2,100.82,3.04,30.38,25.022,GLORYS12V1
ชลบุรี,2566,กรกฎาคม,13.2,100.82,7.9,30.53,24.596,GLORYS12V1
ชลบุรี,2566,สิงหาคม,13.2,100.82,7.87,31.44,23.853,GLORYS12V1
ชลบุรี,2566,กันยายน,13.2,100.82,18.8,30.15,20.696,GLORYS12V1
ชลบุรี,2566,ตุลาคม,13.2,100.82,3.57,29.66,20.249,GLORYS12V1
ชลบุรี,2566,พฤศจิกายน,13.2,100.82,2.03,30.3,27.406,GLORYS12V1
ชลบุรี,2566,ธันวาคม,13.2,100.82,1.17,29.66,28.874,GLORYS12V1
ชลบุรี,2567,มกราคม,13.2,100.82,1.15,28.04,28.961,GLORYS12V1
ชลบุรี,2567,กุมภาพันธ์,13.2,100.82,1.69,28.51,27.963,GLORYS12V1
ชลบุรี,2567,มีนาคม,13.2,100.82,30.13,29.15,26.122,GLORYS12V1
ชลบุรี,2567,เมษายน,13.2,100.82,7.09,30.54,24.928,GLORYS12V1
ชลบุรี,2567,พฤษภาคม,13.2,100.82,4.22,31.74,24.393,GLORYS12V1
ชลบุรี,2567,มิถุนายน,13.2,100.82,10.63,31.94,23.826,GLORYS12V1
ชลบุรี,2567,กรกฎาคม,13.2,100.82,5.04,29.7,23.634,GLORYS12V1
ชลบุรี,2567,สิงหาคม,13.2,100.82,7.2,29.13,21.545,GLORYS12V1
ชลบุรี,2567,กันยายน,13.2,100.82,5.27,30.4,20.566,GLORYS12V1
ชลบุรี,2567,ตุลาคม,13.2,100.82,3.62,29.82,20.763,GLORYS12V1
ชลบุรี,2567,พฤศจิกายน,13.2,100.82,2.06,30.76,27.831,GLORYS12V1
ชลบุรี,2567,ธันวาคม,13.2,100.82,1.38,29.58,29.44,GLORYS12V1
ชลบุรี,2568,มกราคม,13.2,100.82,1.57,27.04,30.096,GLORYS12V1
ชลบุรี,2568,กุมภาพันธ์,13.2,100.82,1.33,26.93,29.954,GLORYS12V1
ชลบุรี,2568,มีนาคม,13.2,100.82,1.94,28.19,27.778,GLORYS12V1
ชลบุรี,2568,เมษายน,13.2,100.82,4.89,29.34,25.968,GLORYS12V1
ชลบุรี,2568,พฤษภาคม,13.2,100.82,4.39,30.56,25.011,GLORYS12V1
ชลบุรี,2568,มิถุนายน,13.2,100.82,2.54,30.49,24.015,GLORYS12V1
ชลบุรี,2568,กรกฎาคม,13.2,100.82,2.66,29.21,24.415,GLORYS12V1
ชลบุรี,2568,สิงหาคม,13.2,100.82,4.68,30.06,22.732,GLORYS12V1
ชลบุรี,2568,กันยายน,13.2,100.82,2.63,28.84,20.278,GLORYS12V1
ชลบุรี,2568,ตุลาคม,13.2,100.82,5.5,29.47,22.732,GLORYS12V1
ชลบุรี,2568,พฤศจิกายน,13.2,100.82,2.45,29.59,27.223,GLORYS12V1
ชลบุรี,2568,ธันวาคม,13.2,100.82,2.01,26.7,29.704,GLORYS12V1
ชลบุรี,2569,มกราคม,13.2,100.82,1.33,27.77,30.247,GLORYS12V1
ชลบุรี,2569,กุมภาพันธ์,13.2,100.82,1.47,27.5,28.494,GLORYS12V1
ชลบุรี,2569,มีนาคม,13.2,100.82,2.66,30.13,26.983,GLORYS12V1
ชลบุรี,2569,เมษายน,13.2,100.82,4.65,30.34,26.11,GLORYS12V1
ชลบุรี,2569,พฤษภาคม,13.2,100.82,2.21,31.32,24.635,GLORYS12V1
ชลบุรี,2569,มิถุนายน,13.2,100.82,5.28,30.58,25.619,Copernicus Analysis Forecast
ชลบุรี,2569,กรกฎาคม,13.2,100.82,7.75,30.08,25.056,Copernicus Analysis Forecast
ชลบุรี,2569,สิงหาคม,13.2,100.82,10.04,30.13,24.81,Copernicus Analysis Forecast
สมุทรปราการ,2562,มกราคม,13.45,100.7,7.51,28.98,26.272,GLORYS12V1
สมุทรปราการ,2562,กุมภาพันธ์,13.45,100.7,7.16,28.99,24.548,GLORYS12V1
สมุทรปราการ,2562,มีนาคม,13.45,100.7,17.07,29.6,23.42,GLORYS12V1
สมุทรปราการ,2562,เมษายน,13.45,100.7,15.81,31.88,22.129,GLORYS12V1
สมุทรปราการ,2562,พฤษภาคม,13.45,100.7,44.58,30.46,22.394,GLORYS12V1
สมุทรปราการ,2562,มิถุนายน,13.45,100.7,22.76,31.0,23.318,GLORYS12V1
สมุทรปราการ,2562,กรกฎาคม,13.45,100.7,18.04,29.84,23.626,GLORYS12V1
สมุทรปราการ,2562,สิงหาคม,13.45,100.7,25.04,27.88,23.382,GLORYS12V1
สมุทรปราการ,2562,กันยายน,13.45,100.7,30.8,29.6,20.837,GLORYS12V1
สมุทรปราการ,2562,ตุลาคม,13.45,100.7,8.05,30.28,20.103,GLORYS12V1
สมุทรปราการ,2562,พฤศจิกายน,13.45,100.7,3.55,28.83,23.898,GLORYS12V1
สมุทรปราการ,2562,ธันวาคม,13.45,100.7,3.2,26.48,28.048,GLORYS12V1
สมุทรปราการ,2563,มกราคม,13.45,100.7,10.75,28.83,26.504,GLORYS12V1
สมุทรปราการ,2563,กุมภาพันธ์,13.45,100.7,29.84,28.35,25.869,GLORYS12V1
สมุทรปราการ,2563,มีนาคม,13.45,100.7,9.92,29.63,24.377,GLORYS12V1
สมุทรปราการ,2563,เมษายน,13.45,100.7,9.21,30.29,23.395,GLORYS12V1
สมุทรปราการ,2563,พฤษภาคม,13.45,100.7,15.43,31.07,23.078,GLORYS12V1
สมุทรปราการ,2563,มิถุนายน,13.45,100.7,10.62,30.35,23.225,GLORYS12V1
สมุทรปราการ,2563,กรกฎาคม,13.45,100.7,9.04,30.43,22.777,GLORYS12V1
สมุทรปราการ,2563,สิงหาคม,13.45,100.7,17.48,29.48,22.019,GLORYS12V1
สมุทรปราการ,2563,กันยายน,13.45,100.7,15.04,30.86,19.275,GLORYS12V1
สมุทรปราการ,2563,ตุลาคม,13.45,100.7,7.4,29.83,23.173,GLORYS12V1
สมุทรปราการ,2563,พฤศจิกายน,13.45,100.7,4.57,27.49,27.23,GLORYS12V1
สมุทรปราการ,2563,ธันวาคม,13.45,100.7,3.1,28.24,28.88,GLORYS12V1
สมุทรปราการ,2564,มกราคม,13.45,100.7,3.3,25.13,29.815,GLORYS12V1
สมุทรปราการ,2564,กุมภาพันธ์,13.45,100.7,3.94,28.2,27.837,GLORYS12V1
สมุทรปราการ,2564,มีนาคม,13.45,100.7,6.22,29.12,25.91,GLORYS12V1
สมุทรปราการ,2564,เมษายน,13.45,100.7,5.17,30.67,24.093,GLORYS12V1
สมุทรปราการ,2564,พฤษภาคม,13.45,100.7,12.37,31.88,24.049,GLORYS12V1
สมุทรปราการ,2564,มิถุนายน,13.45,100.7,27.45,31.24,24.583,GLORYS12V1
สมุทรปราการ,2564,กรกฎาคม,13.45,100.7,13.17,30.01,24.1,GLORYS12V1
สมุทรปราการ,2564,สิงหาคม,13.45,100.7,10.88,29.9,22.459,GLORYS12V1
สมุทรปราการ,2564,กันยายน,13.45,100.7,8.41,29.6,20.025,GLORYS12V1
สมุทรปราการ,2564,ตุลาคม,13.45,100.7,7.18,28.77,19.851,GLORYS12V1
สมุทรปราการ,2564,พฤศจิกายน,13.45,100.7,3.94,29.8,25.834,GLORYS12V1
สมุทรปราการ,2564,ธันวาคม,13.45,100.7,4.15,26.78,28.724,GLORYS12V1
สมุทรปราการ,2565,มกราคม,13.45,100.7,5.07,28.07,28.021,GLORYS12V1
สมุทรปราการ,2565,กุมภาพันธ์,13.45,100.7,4.7,29.27,26.144,GLORYS12V1
สมุทรปราการ,2565,มีนาคม,13.45,100.7,9.62,30.13,24.432,GLORYS12V1
สมุทรปราการ,2565,เมษายน,13.45,100.7,7.32,31.05,24.551,GLORYS12V1
สมุทรปราการ,2565,พฤษภาคม,13.45,100.7,9.04,30.46,24.165,GLORYS12V1
สมุทรปราการ,2565,มิถุนายน,13.45,100.7,13.73,30.73,23.768,GLORYS12V1
สมุทรปราการ,2565,กรกฎาคม,13.45,100.7,7.98,30.02,23.746,GLORYS12V1
สมุทรปราการ,2565,สิงหาคม,13.45,100.7,12.26,29.24,22.053,GLORYS12V1
สมุทรปราการ,2565,กันยายน,13.45,100.7,13.34,29.71,20.142,GLORYS12V1
สมุทรปราการ,2565,ตุลาคม,13.45,100.7,2.65,29.48,21.458,GLORYS12V1
สมุทรปราการ,2565,พฤศจิกายน,13.45,100.7,7.5,29.76,24.16,GLORYS12V1
สมุทรปราการ,2565,ธันวาคม,13.45,100.7,4.01,27.46,27.474,GLORYS12V1
สมุทรปราการ,2566,มกราคม,13.45,100.7,3.45,27.34,28.332,GLORYS12V1
สมุทรปราการ,2566,กุมภาพันธ์,13.45,100.7,6.04,25.86,26.946,GLORYS12V1
สมุทรปราการ,2566,มีนาคม,13.45,100.7,5.13,28.69,26.609,GLORYS12V1
สมุทรปราการ,2566,เมษายน,13.45,100.7,7.13,30.21,24.859,GLORYS12V1
สมุทรปราการ,2566,พฤษภาคม,13.45,100.7,6.2,30.97,24.01,GLORYS12V1
สมุทรปราการ,2566,มิถุนายน,13.45,100.7,8.09,30.13,24.102,GLORYS12V1
สมุทรปราการ,2566,กรกฎาคม,13.45,100.7,13.66,30.45,24.215,GLORYS12V1
สมุทรปราการ,2566,สิงหาคม,13.45,100.7,12.03,31.79,23.115,GLORYS12V1
สมุทรปราการ,2566,กันยายน,13.45,100.7,45.07,30.23,20.188,GLORYS12V1
สมุทรปราการ,2566,ตุลาคม,13.45,100.7,3.54,29.59,19.572,GLORYS12V1
สมุทรปราการ,2566,พฤศจิกายน,13.45,100.7,4.45,30.12,25.426,GLORYS12V1
สมุทรปราการ,2566,ธันวาคม,13.45,100.7,3.17,29.71,27.903,GLORYS12V1
สมุทรปราการ,2567,มกราคม,13.45,100.7,3.14,27.53,28.524,GLORYS12V1
สมุทรปราการ,2567,กุมภาพันธ์,13.45,100.7,5.92,28.32,26.783,GLORYS12V1
สมุทรปราการ,2567,มีนาคม,13.45,100.7,10.04,29.63,24.958,GLORYS12V1
สมุทรปราการ,2567,เมษายน,13.45,100.7,11.79,31.02,23.568,GLORYS12V1
สมุทรปราการ,2567,พฤษภาคม,13.45,100.7,8.56,31.74,23.099,GLORYS12V1
สมุทรปราการ,2567,มิถุนายน,13.45,100.7,13.9,31.86,23.144,GLORYS12V1
สมุทรปราการ,2567,กรกฎาคม,13.45,100.7,20.04,29.64,22.713,GLORYS12V1
สมุทรปราการ,2567,สิงหาคม,13.45,100.7,30.23,28.94,20.783,GLORYS12V1
สมุทรปราการ,2567,กันยายน,13.45,100.7,28.61,30.27,21.223,GLORYS12V1
สมุทรปราการ,2567,ตุลาคม,13.45,100.7,8.09,29.82,19.222,GLORYS12V1
สมุทรปราการ,2567,พฤศจิกายน,13.45,100.7,6.78,31.21,25.192,GLORYS12V1
สมุทรปราการ,2567,ธันวาคม,13.45,100.7,2.68,28.84,28.59,GLORYS12V1
สมุทรปราการ,2568,มกราคม,13.45,100.7,2.8,26.6,29.621,GLORYS12V1
สมุทรปราการ,2568,กุมภาพันธ์,13.45,100.7,6.53,26.87,28.78,GLORYS12V1
สมุทรปราการ,2568,มีนาคม,13.45,100.7,5.57,28.86,26.394,GLORYS12V1
สมุทรปราการ,2568,เมษายน,13.45,100.7,28.18,29.35,24.653,GLORYS12V1
สมุทรปราการ,2568,พฤษภาคม,13.45,100.7,42.03,30.86,23.611,GLORYS12V1
สมุทรปราการ,2568,มิถุนายน,13.45,100.7,5.04,30.38,23.406,GLORYS12V1
สมุทรปราการ,2568,กรกฎาคม,13.45,100.7,7.84,29.16,23.559,GLORYS12V1
สมุทรปราการ,2568,สิงหาคม,13.45,100.7,20.93,30.4,22.678,GLORYS12V1
สมุทรปราการ,2568,กันยายน,13.45,100.7,18.04,28.78,19.657,GLORYS12V1
สมุทรปราการ,2568,ตุลาคม,13.45,100.7,10.04,29.34,20.841,GLORYS12V1
สมุทรปราการ,2568,พฤศจิกายน,13.45,100.7,6.93,29.59,25.486,GLORYS12V1
สมุทรปราการ,2568,ธันวาคม,13.45,100.7,5.04,26.7,28.684,GLORYS12V1
สมุทรปราการ,2569,มกราคม,13.45,100.7,3.89,27.09,29.391,GLORYS12V1
สมุทรปราการ,2569,กุมภาพันธ์,13.45,100.7,5.29,27.94,27.509,GLORYS12V1
สมุทรปราการ,2569,มีนาคม,13.45,100.7,7.35,30.06,25.831,GLORYS12V1
สมุทรปราการ,2569,เมษายน,13.45,100.7,7.46,30.56,24.48,GLORYS12V1
สมุทรปราการ,2569,พฤษภาคม,13.45,100.7,9.77,30.88,23.977,GLORYS12V1
สมุทรปราการ,2569,มิถุนายน,13.45,100.7,8.81,30.59,23.515,Copernicus Analysis Forecast
สมุทรปราการ,2569,กรกฎาคม,13.45,100.7,14.69,30.02,22.901,Copernicus Analysis Forecast
สมุทรปราการ,2569,สิงหาคม,13.45,100.7,25.04,30.15,22.087,Copernicus Analysis Forecast
